month,amount
2026-01,58796.365
2026-02,73817.324
2026-03,100761.863
2026-04,72932.00600000001
2026-05,38603.3
2026-06,66692.64199999999
